{
  "c": "__callback__",
  "p": [
    null,
    [
      {
        "_id": "5a54ed99f721561639dbfc89",
        "n": "Mahan",
        "lk": {
          "ip": "70.52.132.95",
          "cy": null,
          "cc": "CA",
          "cn": "Canada",
          "lat": "43.631900787353516",
          "long": "-79.37159729003906"
        },
        "twid": "bde1f24dfabc7d3642bbb1b146db39bee3ed40da",
        "ai": "",
        "sessions": [
          {
            "aid": "5a54ed99f721561639dbfc89",
            "cy": "Unknown",
            "cc": "UKN",
            "cn": "Unknown",
            "bw": "other",
            "rsc": "3461eff2292f1f301779da956686368c875353a9",
            "st": "o"
          },
          {
            "aid": "5a54ed99f721561639dbfc89",
            "cy": "Toronto",
            "cc": "CA",
            "cn": "Canada",
            "bw": "other",
            "rsc": "c25d0352deb33307a74ae014568ad1da4c0e3c81",
            "st": "o"
          }
        ]
      },
      {
        "_id": "5a5502f16b38880e815d37a7",
        "n": "Mike",
        "lk": {
          "ip": "174.93.89.61",
          "cy": "Toronto",
          "cc": "CA",
          "cn": "Canada",
          "lat": "43.791500091552734",
          "long": "-79.4103012084961"
        },
        "twid": "debf2828e7272ab46c8f5c795b39bb4f823111e1",
        "ai": ""
      },
      {
        "_id": "5a60123e3098e70e78bf9fac",
        "n": "frank",
        "lk": {
          "ip": "104.194.0.35",
          "cy": null,
          "cc": "US",
          "cn": "United States",
          "lat": "37.750999450683594",
          "long": "-97.8219985961914"
        },
        "twid": "cbbad3306eeace062ffbba9213fe036bf4ea3d3a",
        "ai": "",
        "sessions": [
          {
            "aid": "5a60123e3098e70e78bf9fac",
            "cc": "US",
            "cn": "United States",
            "os": "windows",
            "bw": "chrome",
            "rsc": "36498fe81e1edbcbf20a8fe38bf3fd0d3a33f6e9",
            "st": "o"
          }
        ]
      },
      {
        "_id": "5a87536023af486d55e305f9",
        "n": "JOHN",
        "lk": {
          "ip": "184.151.178.156",
          "cy": "Toronto",
          "cc": "CA",
          "cn": "Canada",
          "lat": "43.69340133666992",
          "long": "-79.48570251464844"
        },
        "twid": "d7bc1882ff008004fee1c3f14d1aa23335f9751a",
        "ai": "",
        "sessions": [
          {
            "aid": "5a87536023af486d55e305f9",
            "cy": "Brampton",
            "cc": "CA",
            "cn": "Canada",
            "os": "android-app",
            "bw": "other",
            "rsc": "ede89354cee5e0131a320ec128a6441ea2f5c58e",
            "st": "o"
          }
        ]
      },
      {
        "_id": "5a8c5e324c3c5d0e7f5915ce",
        "n": "Qaise Sherdel",
        "lk": {
          "ip": "67.211.114.142",
          "cy": "Brampton",
          "cc": "CA",
          "cn": "Canada",
          "lat": "43.69089889526367",
          "long": "-79.83769989013672"
        },
        "twid": "b36d9bdbb36ca8d6968cc3aa7da6ec9928f0ab96",
        "ai": ""
      }
    ]
  ],
  "cb": 1
}